<?xml version="1.0"?>
<extension key="uk.co.compucorp.membershipperiod" type="module">
  <file>membershipperiod</file>
  <name>Membership Period</name>
  <description>When creating/renewing a membership, this extension records the relevant details w.r.t. the membership period.</description>
  <license>AGPL-3.0</license>
  <maintainer>
    <author>Chandana Bandara</author>
    <email>cbsoftware@gmail.com</email>
  </maintainer>
  <urls>
    <url desc="Main Extension Page">https://github.com/coolbit/uk.co.compucorp.membershipperiod</url>
    <url desc="Documentation">https://github.com/coolbit/uk.co.compucorp.membershipperiod</url>
    <url desc="Support">https://github.com/coolbit/uk.co.compucorp.membershipperiod</url>
    <url desc="Licensing">http://www.gnu.org/licenses/agpl-3.0.html</url>
  </urls>
  <releaseDate>2018-01-01</releaseDate>
  <version>1.0</version>
  <develStage>alpha</develStage>
  <compatibility>
    <ver>4.7</ver>
  </compatibility>
  <comments>Developed as an assignment from CompuCorp.co.uk</comments>
  <civix>
    <namespace>CRM/Membershipperiod</namespace>
  </civix>
</extension>
